ABV,X,Y
ANC,"2,563,524","2,525,893"
FAI,"538,881","493,443"
JNU,"420,442","403,538"
BET,"155,791","158,824"
KTN,"127,881","124,747"
ENA,"92,485","97,820"
SIT,"83,404","81,019"
ADQ,"79,682","81,970"
OTZ,"64,481","66,503"
OME,"60,655","59,929"
SCC,"51,205","77,152"
BRW,"45,300","47,676"
5KE,"44,372","38,946"
HOM,"44,117","40,770"
AKN,"36,717","35,693"
DLG,"33,616","26,949"
DUT,"31,055","31,753"
LHD,"23,382","20,586"
PSG,"21,896","20,477"
MRI,"19,144","15,091"
CDV,"18,649","16,997"
UNK,"16,948","15,927"
ANI,"13,688","13,771"
KSM,"12,851","13,192"
VDZ,"12,631","14,153"
WRG,"12,569","12,588"
GST,"11,438","11,189"
DGG,"10,844","10,558"
YAK,"10,756","10,230"
AKW,"10,628","9,966"
GAL,"10,532","10,703"
HNS,"8,936","8,945"
HNH,"8,809","10,050"
SGY,"8,714","8,239"
ENM,"8,072","7,597"
CDB,"7,403","7,019"
MBA,"7,293",566
CXF,"7,203","2,894"
AQH,"7,012","8,543"
5Z9,"6,634","5,889"
FYU,"6,552","6,691"
ILI,"5,835","5,865"
IIK,"5,747","6,475"
VAK,"5,654","6,455"
HPB,"5,635","6,288"
PHO,"5,338","4,974"
OOK,"5,316","6,148"
WLK,"5,011","5,376"
WTK,"4,681","4,392"
SCM,"4,513","4,902"
CFK,"4,456","5,018"
BVK,"4,198","4,063"
SVA,"4,197","3,690"
Z09,"4,190","4,109"
MOU,"4,159","4,692"
SDP,"4,146","4,146"
SOV,"4,133","3,926"
0AK,"4,127","3,727"
D76,"4,004","4,423"
DUY,"3,978","4,298"
AWI,"3,932","3,989"
TPO,"3,884","3,581"
A61,"3,875","4,007"
GGV,"3,870","3,794"
GAM,"3,860","3,309"
KWT,"3,706","3,429"
16A,"3,628","3,449"
2A9,"3,531","4,484"
AKP,"3,522","3,402"
SHH,"3,445","3,366"
KVL,"3,421","3,433"
EEK,"3,406","3,832"
EDF,"3,236","1,991"
MCG,"3,236","2,877"
KAE,"3,227","2,273"
MDM,"3,194","3,179"
KLG,"3,142","3,292"
BTI,"3,136","2,882"
IAN,"3,127","3,276"
Z13,"3,045","3,279"
TAL,"2,952","2,997"
EWU,"2,936","3,406"
AUK,"2,854","3,845"
SNP,"2,838","2,778"
HLA,"2,728","2,936"
4A2,"2,706","2,684"
NUL,"2,694","2,289"
2A3,"2,649","2,519"
TLT,"2,634","2,572"
CGA,"2,581","2,573"
WBB,"2,571","2,710"
MTM,"2,527","2,880"
SMK,"2,464","2,470"
RSH,"2,445","2,482"
KKA,"2,440","2,375"
ELI,"2,354","2,408"
4KA,"2,352","2,963"
KTB,"2,351","2,377"
KTS,"2,301","2,392"
2C7,"2,299","2,454"
SHG,"2,217","2,058"
ATK,"2,215","2,288"
AKI,"2,173","2,173"
AGN,"2,152","2,189"
ADK,"2,151","2,084"
AQT,"2,147","2,737"
AFM,"2,095","2,167"
VEE,"2,059","2,130"
PGM,"2,010","1,926"
UUO,"2,000",0
IGT,"1,973","2,670"
KEB,"1,962","2,231"
GLV,"1,917","1,790"
ARC,"1,885","1,591"
PKA,"1,884","1,769"
6A8,"1,827","1,724"
EIL,"1,794","4,317"
PIZ,"1,774","1,733"
RBY,"1,751","2,301"
TYE,"1,745","1,892"
LKK,"1,644","1,640"
BTT,"1,639","1,483"
7AK,"1,636","1,399"
WMO,"1,636","1,609"
WNA,"1,612","1,839"
KVC,"1,597","1,416"
TER,"1,506","1,221"
MYU,"1,477","1,357"
5NN,"1,468","1,528"
KAL,"1,420","1,510"
KWF,"1,383","1,175"
TOG,"1,324",995
SXP,"1,286","1,692"
6R7,"1,285","2,122"
DEE,"1,263","1,389"
GNU,"1,246","1,415"
BLG,"1,231","1,370"
IWK,"1,187","1,248"
OBU,"1,180","1,167"
HCA,"1,176","1,187"
ORI,"1,114","1,359"
HYL,"1,103",947
HUS,"1,101",997
PEC,"1,084","1,164"
EII,974,975
KYU,933,935
KNW,927,421
4K5,922,"1,610"
63A,900,0
9K2,884,882
KGX,869,774
PTH,828,867
ANV,824,822
GBH,777,636
WBQ,767,701
CIK,744,689
TKE,728,864
PPC,724,748
JZZ,687,393
AJC,663,207
PEV,636,302
SHX,622,648
IGG,612,825
ELV,608,593
4K0,570,523
RMP,561,432
EXI,539,149
EAA,523,468
PBV,519,441
PTU,509,696
PNP,499,517
KCL,492,421
OUL,453,364
6K8,419,382
CLP,405,420
AKK,399,787
KEK,388,152
CJX,374,429
AKA,357,315
KFP,357,320
FSP,336,228
Z78,317,259
KYK,286,247
SLQ,278,272
SVS,274,291
9A3,266,269
A79,261,252
Z91,261,259
CRC,252,265
FBK,251,"2,028"
TCT,240,176
9Z8,218,321
1AK3,199,217
MHM,185,165
84K,184,125
51Z,158,134
DCK,156,44
IKO,154,196
LUR,154,138
4Z7,146,119
9A8,134,127
ALZ,129,110
CZF,113,66
SKW,107,101
A63,104,107
MLY,104,101
TNC,100,102
CZN,97,93
WSN,91,141
96Z,88,126
KCC,86,58
KXA,85,106
SRV,85,86
HRR,83,36
UTO,79,105
19P,76,46
EHM,76,85
KWP,74,63
UMT,73,42
TLJ,61,18
PAQ,47,110
RDV,44,51
KKB,43,53
SXQ,39,41
5NK,38,67
GSZ,38,44
KPR,38,43
L20,36,24
2AK,27,34
AK81,26,31
ENN,26,24
ZNC,25,2
KPB,23,24
2AK6,21,34
A43,21,0
AK75,20,10
5AK0,19,19
IYS,17,22
KMY,17,4
CKX,16,20
HYG,16,19
KPY,16,11
AHP,14,355
WCR,14,17
CEM,13,9
KOY,13,20
WSJ,13,17
2K5,9,12
MDO,5,0
57A,2,0
7KA,2,7
CXC,2,2
KBE,2,0
SWD,2,35
76AK,1,19
KPC,1,10
BHM,"1,304,467","1,325,897"
HSV,"527,801","519,785"
MOB,"288,209","278,053"
MGM,"173,210","175,619"
DHN,"49,411","46,792"
MSL,"5,295",802
TCL,"2,081","1,706"
ANB,"1,396","1,598"
BFM,"1,152","2,410"
AUO,591,360
EKY,9,0
MDQ,8,26
JKA,7,55
DCU,6,0
CMD,2,0
CQF,2,3
EET,1,0
LIT,"958,824","958,510"
XNA,"673,810","629,905"
FSM,"83,920","84,136"
TXK,"33,565","34,881"
JBR,"4,593","4,836"
ELD,"2,544","3,919"
HOT,"1,603","2,834"
FYV,"1,190",874
HRO,"1,178","4,370"
ROG,26,56
RUE,5,0
7M1,2,0
PPG,"65,439","65,860"
FAQ,"2,887","2,436"
PHX,"20,896,265","21,351,504"
TUS,"1,594,594","1,549,253"
IWA,"705,731","666,187"
GCN,"319,206","332,050"
1G4,"128,739","147,137"
IFP,"109,334","108,888"
NYL,"74,742","79,233"
FLG,"64,578","67,419"
PGA,"17,435","19,440"
1Z1,"7,825","8,385"
SOW,"4,139","2,253"
PRC,"3,451","3,428"
SDL,828,"1,164"
DMA,565,542
FHU,245,133
0V7,142,103
L41,137,101
L25,105,0
CHD,104,360
IGM,23,173
GYR,22,13
DVT,13,28
GEU,10,10
L37,9,114
SEZ,9,28
HII,7,0
MZJ,5,0
E25,4,0
FFZ,3,21
AVQ,2,17
LAX,"39,636,042","36,351,272"
SFO,"25,707,101","24,190,560"
SAN,"10,340,164","9,985,763"
OAK,"5,934,639","5,506,687"
SJC,"5,321,603","4,822,480"
SNA,"5,217,242","4,945,209"
SMF,"4,969,366","4,714,729"
ONT,"2,104,625","2,089,801"
BUR,"2,077,892","1,973,897"
LGB,"1,386,357","1,220,937"
PSP,"995,801","947,728"
FAT,"761,298","695,008"
SBA,"329,751","316,511"
MRY,"192,136","180,605"
STS,"167,151","129,086"
SBP,"162,719","144,324"
BFL,"100,433","120,966"
SCK,"93,076","80,163"
ACV,"69,732","55,168"
RDD,"43,414","30,852"
SMX,"40,120","43,941"
MMH,"21,826","23,504"
VCV,"17,538","34,162"
RIV,"14,719","16,029"
TRK,"10,385",28
MCE,"9,426","2,000"
CEC,"8,667","4,915"
IPL,"4,136","2,601"
NKX,"1,968","1,520"
SUU,"1,475","1,310"
NTD,842,"1,301"
VNY,467,390
NJK,465,596
MHR,460,5
NZY,315,"1,432"
CRQ,180,"12,380"
MYF,144,0
NUC,105,0
APC,87,199
VIS,86,"5,571"
MOD,85,16
EDW,80,181
CCR,67,22
SMO,57,98
SDM,48,48
NUQ,46,0
TRM,39,26
GOO,35,52
SAC,32,15
CNO,25,0
SEE,25,3
PRB,19,6
SBD,18,12
F70,17,13
CMA,15,53
BWC,14,0
TVL,12,8
HHR,9,0
HWD,9,5
OXR,8,0
MCC,4,137
RAL,4,7
CVH,3,1
DLO,3,1
MPI,3,0
PAO,3,2
UDD,3,0
A28,2,0
HJO,2,0
LVK,2,17
SIY,2,0
1O2,1,2
DVO,1,3
CIC,0,6
DEN,"28,267,394","26,280,043"
COS,"657,694","593,246"
ASE,"254,392","233,512"
GJT,"218,319","214,404"
DRO,"187,789","186,800"
EGE,"163,840","156,937"
MTJ,"116,272","102,756"
HDN,"107,339","93,896"
GUC,"34,979","34,412"
CEZ,"4,564","2,303"
FNL,"4,559","3,445"
ALS,"3,863","3,105"
PUB,"2,377","3,674"
BJC,556,36
APA,347,250
TEX,133,46
RIL,27,46
LAA,22,0
GXY,21,6
4CO9,5,0
AEJ,2,0
BDL,"2,982,194","2,926,054"
HVN,"27,911","30,955"
DXR,858,982
BDR,141,155
OXC,87,103
GON,84,136
HFD,53,55
MMK,10,0
4B8,8,2
SNC,2,0
ILG,"1,043","12,574"
DOV,463,19
GED,21,21
EVY,5,4
MIA,"20,875,813","20,986,349"
MCO,"20,283,541","18,759,938"
FLL,"14,263,270","13,061,632"
TPA,"9,194,994","9,150,458"
RSW,"4,239,261","4,159,215"
PBI,"3,100,624","3,113,591"
JAX,"2,729,129","2,716,473"
SFB,"1,321,675","1,209,382"
PIE,"915,672","819,974"
PNS,"792,916","787,916"
SRQ,"589,860","607,449"
PGD,"558,482","421,162"
VPS,"440,002","373,072"
ECP,"434,302","428,704"
EYW,"380,505","362,108"
TLH,"345,404","332,777"
DAB,"342,495","306,360"
MLB,"220,360","220,393"
GNV,"206,330","213,225"
SGJ,"28,462","22,030"
NIP,"6,598","6,980"
VQQ,"6,184","8,358"
VRB,"4,581",101
HRT,"2,161","1,584"
APF,"1,337",110
OPF,"1,250",212
NQX,813,"1,305"
NPA,632,51
PAM,623,327
COF,458,603
HST,327,0
BCT,323,169
FXE,317,151
MCF,305,410
SUA,289,23
TMB,245,134
LAL,223,290
NRB,165,0
ORL,114,98
OCF,103,8
FMY,58,15
ISM,39,26
MTH,28,19
VNC,26,0
07FA,25,2
FPR,25,2
DTS,23,20
LEE,23,9
TIX,18,0
BKV,9,7
MKY,9,18
FHB,8,5
GIF,5,0
SEF,5,5
BOW,4,0
CGC,2,3
LCQ,2,0
LNA,2,2
ZPH,1,0
ATL,"50,501,858","49,340,732"
SAV,"1,056,265","980,531"
AGS,"270,797","271,915"
CSG,"44,813","51,790"
VLD,"40,275","39,544"
BQK,"36,054","34,561"
ABY,"34,226","33,949"
SVN,"6,316","7,711"
LSF,"1,727",688
AHN,"1,433","1,073"
MCN,860,7
WRB,666,700
PDK,472,107
VAD,274,637
RYY,63,6
FTY,58,18
SSI,41,90
MGE,30,0
3J7,28,5
DNL,12,9
AYS,9,0
TVI,6,0
RMG,5,0
BGE,4,4
LGC,4,0
LZU,2,13
PUJ,2,0
WDR,2,1
AJR,1,0
FFC,1,0
GUM,"1,444,299","1,420,500"
UAM,"2,711","2,071"
HNL,"9,656,340","9,479,094"
OGG,"3,352,813","3,220,753"
KOA,"1,569,602","1,485,777"
LIH,"1,458,940","1,491,688"
ITO,"640,757","627,171"
MKK,"92,560","90,122"
LNY,"43,275","40,599"
JHM,"30,131","28,373"
LUP,"6,119","8,576"
MUE,"4,445","4,930"
JRF,"4,195","5,347"
HNM,"2,211","1,837"
NGF,169,834
DSM,"1,216,357","1,156,462"
CID,"547,786","557,383"
DBQ,"37,954","38,248"
SUX,"36,413","26,104"
ALO,"27,069","26,950"
MCW,"7,734","6,752"
FOD,"7,271","5,228"
BRL,"7,086","9,000"
IOW,"1,576","5,011"
AMW,378,316
CIN,200,400
DVN,23,0
MPZ,22,0
EOK,21,0
IKV,16,177
FSW,13,0
DEH,5,0
EBS,5,0
MUT,5,5
MXO,4,1
8C4,3,0
EFW,3,0
SPW,3,7
CBF,2,5
D02,2,0
OOA,2,0
AWG,1,0
GGI,1,0
OTM,1,6
BOI,"1,633,507","1,487,777"
IDA,"146,213","147,923"
SUN,"77,729","67,955"
LWS,"72,724","66,579"
TWF,"38,869","33,806"
PIH,"34,462","24,745"
MUO,682,620
SMN,179,1
65S,101,238
COE,48,27
DIJ,18,3
MAN,12,4
MYL,11,0
S72,4,0
1S1,2,0
SZT,2,3
U01,1,0
ORD,"37,589,899","36,305,668"
MDW,"11,044,387","10,830,850"
MLI,"364,393","368,114"
PIA,"307,189","318,162"
BMI,"188,490","186,633"
RFD,"101,790","108,379"
SPI,"93,269","90,413"
CMI,"89,318","89,836"
BLV,"79,988","32,589"
MWA,"10,044","10,570"
DEC,"8,453","8,034"
UIN,"7,847","9,159"
CPS,"3,586","1,987"
GBG,"1,215","2,100"
PWK,308,"1,351"
MDH,291,281
DPA,124,165
RSV,98,95
I63,76,24
VYS,70,0
UGN,67,89
MQB,66,82
DKB,28,0
LOT,21,43
IKK,4,0
RPJ,4,10
OLY,2,0
IND,"4,216,766","3,889,567"
FWA,"360,369","353,876"
SBN,"329,957","315,313"
EVV,"204,352","203,350"
LAF,"3,084","2,504"
BMG,"2,139","1,970"
GYY,889,"2,560"
HUF,501,294
MIE,482,312
C62,121,0
MQJ,26,56
EKM,15,0
TYQ,10,14
GSH,8,7
BAK,7,126
HNB,6,0
C65,4,0
UMP,4,0
MZZ,3,0
OKK,3,0
GGP,2,0
7I4,1,0
SIV,1,0
SMD,1,0
ICT,"781,944","773,550"
MHK,"63,761","66,263"
GCK,"26,825","27,152"
HYS,"8,265","8,470"
FOE,"6,051","4,939"
LBL,"5,212","5,456"
SLN,"3,967","10,079"
DDC,"1,793","2,396"
AAO,49,2
LWC,27,144
IXD,15,169
GBD,8,162
CVG,"3,269,979","3,054,991"
SDF,"1,631,494","1,640,297"
LEX,"638,316","606,980"
OWB,"23,537","21,951"
PAH,"20,266","21,027"
HOP,"5,124","3,488"
BWG,"2,186","1,155"
IOB,14,12
SME,6,0
FFT,3,0
CEY,2,0
I35,2,0
LOU,1,8
LOZ,1,6
M21,1,0
PBX,1,453
MSY,"5,569,705","5,329,711"
BTR,"364,200","366,102"
SHV,"270,395","295,257"
LFT,"206,667","243,840"
AEX,"129,776","159,252"
MLU,"102,342","114,170"
LCH,"53,576","69,130"
BAD,"1,503","1,567"
65LA,250,250
CWF,238,1
NBG,198,0
NEW,81,270
HUM,58,68
ARA,40,880
RSN,20,0
HDC,4,22
TVR,4,0
BOS,"17,759,044","16,290,362"
ACK,"126,197","155,952"
ORH,"57,800","59,624"
MVY,"54,084","49,853"
HYA,"31,027","65,790"
BED,"15,105","15,313"
PVC,"10,074","10,841"
EWB,"7,022","7,271"
CEF,"1,479","1,663"
BAF,729,"1,043"
CQX,74,86
OWD,53,42
BVY,51,48
PSF,41,43
0B5,32,19
AQW,15,28
LWM,13,10
PYM,10,31
1B9,3,2
7B2,3,4
GHG,2,0
ORE,1,1
BWI,"12,340,972","11,738,845"
SBY,"58,695","61,782"
HGR,"27,274","25,356"
ADW,"3,038","2,563"
MTN,133,16
GAI,56,21
NHK,53,119
DMW,19,0
ESN,11,19
MD1,5,7
2W5,3,7
2W6,2,0
OXB,2,4
FDK,1,0
PWM,"886,343","858,449"
BGR,"269,013","273,829"
RKD,"16,206","15,730"
PQI,"12,526","12,928"
BHB,"10,094","9,579"
AUG,"5,128","5,120"
70B,"3,000","2,500"
93B,380,0
57B,306,33
CAR,152,27
BST,108,101
IZG,34,42
LEW,32,50
0B1,27,27
BXM,21,42
SFM,20,16
WVL,13,61
IWI,10,10
HUL,8,8
3B1,7,0
ME16,7,7
MVM,6,6
EPM,5,0
PNN,5,0
8B0,2,1
DTW,"16,847,135","16,255,520"
GRR,"1,334,979","1,280,803"
FNT,"398,508","411,763"
TVC,"223,924","210,231"
LAN,"161,863","180,927"
AZO,"154,242","122,081"
MBS,"122,469","119,004"
SAW,"45,462","42,578"
PLN,"25,497","25,197"
CMX,"25,439","25,732"
CIU,"20,974","22,687"
MKG,"18,165","17,087"
ESC,"16,822","16,665"
IMT,"12,604","12,672"
APN,"10,031","10,409"
MGN,"8,014","7,263"
IWD,"5,069","4,697"
MBL,"4,243","4,984"
YIP,"4,093","4,045"
PTK,"3,409","3,100"
MCD,"2,549",169
GLR,975,850
VLL,853,713
BIV,766,738
CVX,750,730
DET,557,499
ANJ,83,103
83D,30,51
LWA,25,23
ARB,16,20
3GM,14,14
35D,12,5
8D4,10,0
PHN,9,0
SJX,9,3
MOP,8,25
ACB,6,2
BEH,6,5
LDM,5,47
4D0,4,9
HLM,4,4
JXN,4,8
OSC,4,0
TEW,4,1
CFS,3,0
ISQ,3,5
DUH,2,0
HAI,2,3
OZW,2,11
RMY,2,1
BTL,1,2
FKS,1,2
MSP,"18,123,844","17,634,273"
DLH,"124,284","131,128"
RST,"112,864","114,657"
BJI,"25,510","24,765"
BRD,"18,328","18,200"
STC,"15,615","19,171"
INL,"13,831","14,706"
HIB,"12,654","12,394"
TVF,"3,524","1,029"
STP,68,106
FCM,25,65
MKT,11,3
EVM,8,9
ELO,7,0
AIT,2,0
OWA,2,0
SBU,2,0
ANE,1,58
CKN,1,0
STL,"6,793,076","6,239,248"
MCI,"5,391,557","5,135,127"
SGF,"462,126","447,843"
COU,"65,014","64,707"
JLN,"27,930","28,306"
TBN,"8,108","8,065"
CGI,"5,532","6,213"
IRK,"4,733","5,167"
MKC,"2,907","2,969"
BBG,"1,601","5,147"
SZL,307,254
SUS,181,159
AIZ,58,79
HAE,19,0
1H0,6,0
NVD,2,0
TKX,2,0
UNO,2,0
JEF,1,0
GSN,"430,275","455,232"
TNI,"38,452","46,977"
GRO,"19,178","12,116"
JAN,"491,464","497,042"
GPT,"305,157","317,154"
GTR,"40,823","38,632"
MEI,"26,359","24,685"
PIB,"12,367","12,947"
TUP,"7,539","2,560"
GLH,"4,986",773
UTA,"2,671","9,532"
UOX,152,392
STF,56,0
HSA,44,63
HBG,8,0
GWO,5,2
HKS,4,49
LUL,4,0
2R0,3,0
PQL,3,2
VKS,2,0
BZN,"553,245","512,042"
BIL,"423,213","420,426"
MSO,"381,582","350,172"
GPI,"247,816","237,501"
GTF,"176,730","182,635"
HLN,"103,239","99,460"
BTM,"25,890","27,448"
WYS,"8,525","7,796"
SDY,"8,065","10,129"
OLF,"3,439","3,901"
GGW,"3,251","3,758"
GDV,"2,639","2,311"
HVR,"2,323","2,388"
32S,500,450
6S8,152,91
6S5,50,1
S59,31,75
00U,3,0
DLN,3,10
88M,2,16
8S0,2,0
CTB,2,0
LWT,2,4
SBX,2,0
THM,2,1
CLT,"21,511,880","21,913,166"
RDU,"5,401,714","4,954,735"
GSO,"848,261","848,249"
AVL,"416,939","393,386"
ILM,"413,185","388,023"
FAY,"224,541","220,339"
OAJ,"149,987","148,960"
EWN,"106,110","109,237"
JQF,"90,338","73,727"
PGV,"47,457","55,017"
92NC,"17,122","11,495"
POB,"5,583","6,231"
ISO,"1,114","2,311"
INT,930,358
HKY,889,585
RWI,701,897
GSB,551,163
ECG,529,4
MQI,11,3
SOP,7,41
ONX,6,13
JNX,5,0
EQY,4,6
SUT,4,0
SVH,4,7
RUQ,3,5
EXX,2,0
MRN,2,0
TDF,2,3
UKF,1,0
FAR,"402,976","437,188"
BIS,"273,980","262,469"
MOT,"150,634","181,328"
GFK,"132,557","145,785"
ISN,"68,829","102,345"
DIK,"16,822","41,925"
DVL,"8,209","6,180"
JMS,"7,941","6,086"
MIB,365,"1,174"
OMA,"2,127,387","2,046,179"
LNK,"162,876","160,525"
GRI,"68,879","64,602"
CDR,"4,474","1,715"
BFF,"4,262","5,144"
EAR,"4,180","4,543"
LBF,"4,075","4,628"
AIA,"2,139","1,474"
MCK,"1,619",333
OFF,"1,018",988
FMZ,4,0
PMV,2,0
IML,1,0
MHT,"995,403","1,026,349"
PSM,"73,247","45,933"
LEB,"10,245","10,144"
LCI,45,36
CON,34,58
EEN,13,11
7B3,6,0
BML,5,0
ASH,4,8
EWR,"19,923,009","18,684,818"
ACY,"589,091","587,967"
TTN,"278,436","389,598"
TEB,"7,772","7,951"
MMU,"7,239","8,923"
WRI,848,"2,359"
BLM,76,49
WWD,31,26
39N,10,17
19N,8,4
17N,3,1
CDW,2,12
MJX,2,12
N51,2,0
ABQ,"2,341,719","2,323,883"
SAF,"71,252","75,460"
ROW,"44,378","35,411"
HOB,"14,707","16,567"
SVC,"5,442","3,945"
CVN,"4,854","4,799"
CNM,"3,057","1,827"
FMN,"1,359","3,083"
CVS,976,298
LAM,573,324
HMN,67,54
LRU,41,248
DMN,8,0
SRR,3,5
AEG,2,0
LAS,"22,833,267","21,857,693"
RNO,"1,771,864","1,669,876"
BVU,"211,615","234,101"
HND,"63,445","53,551"
VGT,"15,828","15,434"
EKO,"14,893","13,701"
LSV,"1,540","1,842"
INS,84,98
88NV,2,16
JFK,"29,239,151","27,782,369"
LGA,"14,762,593","14,319,924"
BUF,"2,313,724","2,336,431"
ALB,"1,388,860","1,276,793"
ROC,"1,186,002","1,177,994"
SYR,"988,496","987,732"
HPN,"766,170","757,466"
ISP,"597,133","603,653"
SWF,"140,328","142,603"
ELM,"139,583","155,936"
PBG,"129,622","131,600"
IAG,"126,028","121,616"
ITH,"88,692","87,321"
BGM,"68,415","77,654"
ART,"17,312","18,650"
FRG,"10,910","13,471"
OGS,"10,281","5,120"
MSS,"5,311","4,462"
SLK,"4,732","5,047"
GTB,"3,398","13,508"
JHW,"1,301","1,828"
FOK,240,151
HTO,211,149
PEO,179,151
0B8,149,113
PTD,142,3
RME,97,23
5B2,70,37
GFL,62,22
MTP,32,29
N66,28,6
6B9,25,6
POU,19,2
MAL,14,0
VGC,12,14
LKP,11,16
20N,5,0
44N,5,1
N03,5,0
4B6,4,0
IUA,4,0
MGJ,4,2
HTF,3,13
MSV,3,19
SCH,3,9
1B1,2,11
DKK,2,0
GVQ,1,6
OIC,1,2
CLE,"4,083,476","3,916,922"
CMH,"3,567,864","3,312,496"
DAY,"1,019,922","1,041,759"
CAK,"685,553","759,335"
LCK,"102,751","83,466"
TOL,"92,522","94,044"
YNG,"53,633","66,299"
LUK,"25,706","17,354"
BKL,"9,917","2,623"
FFO,168,65
MFD,138,124
CGF,110,230
OSU,58,8
TDZ,58,48
ILN,39,0
LPR,13,8
AKR,11,18
TZR,10,7
PMH,7,4
HAO,6,62
I69,4,0
MGY,4,6
MRT,4,0
GQQ,3,0
ZZV,3,11
1G5,2,0
SGH,2,4
S24,1,1
OKC,"1,796,473","1,803,188"
TUL,"1,342,315","1,359,582"
LAW,"51,088","51,859"
SWO,"10,362","1,876"
TIK,825,"1,160"
OJA,108,0
OUN,59,32
RQO,16,0
WWR,16,26
DUA,13,0
F10,8,0
PWA,8,259
MLC,7,362
WDG,7,0
H76,2,0
PDX,"9,071,154","8,340,252"
EUG,"483,224","447,813"
MFR,"401,469","370,187"
RDM,"306,517","280,823"
OTH,"14,719","16,207"
UAO,"4,207","3,175"
LMT,"2,827",93
PDT,"2,582","4,277"
SLE,44,8
S03,36,21
HIO,30,32
CVO,18,4
ONP,17,2
HRI,12,1
S21,12,3
7S3,10,0
ONO,9,0
AST,6,2
TTD,4,10
BDN,2,4
DLS,2,7
RBG,2,12
S05,2,8
S49,2,0
26U,1,0
BOK,1,10
PHL,"14,564,419","15,101,349"
PIT,"3,986,114","3,890,681"
MDT,"589,511","587,049"
ABE,"324,511","320,544"
AVP,"232,855","219,796"
LBE,"146,127","181,105"
UNV,"134,312","139,124"
ERI,"87,647","88,953"
IPT,"19,320","21,923"
LNS,"4,230","1,523"
JST,"4,193","4,338"
DUJ,"2,934","3,215"
BFD,"2,623","3,491"
FKL,"2,025","1,476"
AOO,"1,865","2,481"
RDG,"1,470","1,635"
AGC,412,338
PNE,240,510
LOM,149,159
HMZ,120,10
CXY,87,7
CKZ,35,15
N96,22,0
4PN7,16,7
MQS,11,3
BTP,8,5
4G1,5,0
FIG,4,12
PTW,4,2
SEG,4,8
AFJ,3,2
THV,3,16
ZER,3,0
FWQ,2,0
N94,2,9
PJC,2,0
RVL,2,0
BVI,1,1
W05,1,2
WBW,1,0
SJU,"4,343,354","4,233,638"
BQN,"257,871","202,197"
PSE,"105,804","98,830"
VQS,"63,104","71,356"
RVR,"43,005","43,506"
CPX,"31,141","32,907"
SIG,"24,054","26,203"
MAZ,"5,344","5,900"
PVD,"1,803,000","1,763,676"
BID,"17,225","12,415"
WST,"17,218","11,970"
OQU,345,19
UUU,120,114
SFZ,26,14
CHS,"1,811,695","1,669,988"
GSP,"991,276","955,097"
MYR,"944,849","899,859"
CAE,"553,658","533,575"
FLO,"45,300","52,611"
HXD,"30,956","38,322"
SSC,"1,153","1,485"
ARW,909,173
NBC,194,"1,301"
MMT,163,0
AND,80,111
CRE,73,0
JZI,42,57
GYH,30,234
AIK,13,"8,596"
CEU,9,1
CUB,8,1
GMU,8,44
SPA,4,9
RBW,2,24
UZA,2,24
FSD,"510,105","493,530"
RAP,"272,537","264,183"
ABR,"26,529","27,595"
PIR,"8,246","6,664"
ATY,"2,117",982
HON,607,837
RCA,473,742
SPF,4,5
BNA,"6,338,517","5,715,205"
MEM,"2,016,089","1,873,716"
TYS,"887,103","848,390"
CHA,"422,442","393,680"
TRI,"204,926","216,426"
MKL,"3,661","1,800"
MQY,"2,542",980
JWN,33,25
NQA,28,0
MRC,14,0
1M5,12,4
2A1,6,0
DKX,6,2
SYI,5,0
0A9,4,0
MMI,4,6
RKW,4,0
MOR,2,2
SNH,1,18
DFW,"31,283,579","31,589,839"
IAH,"20,062,072","20,595,881"
DAL,"7,554,596","7,040,950"
HOU,"6,285,181","5,937,990"
AUS,"6,095,545","5,797,562"
SAT,"4,179,994","4,091,434"
ELP,"1,414,376","1,381,392"
MAF,"471,490","518,509"
LBB,"448,093","443,239"
MFE,"355,224","391,687"
AMA,"334,815","341,132"
CRP,"325,815","338,312"
HRL,"263,760","259,864"
GRK,"157,161","176,895"
BRO,"120,151","143,353"
LRD,"101,115","110,368"
ABI,"84,809","86,000"
CLL,"78,907","89,844"
ACT,"64,356","62,882"
SJT,"60,277","63,842"
TYR,"52,494","72,294"
SPS,"40,165","44,262"
BIF,"26,730","24,997"
BPT,"26,518","33,747"
GGG,"22,480","20,968"
VCT,"3,137","3,584"
AFW,"1,881","2,000"
EFD,"1,591",470
FTW,"1,104",234
07TA,"1,000","1,000"
SKF,788,"1,333"
DWH,529,218
NFW,369,41
LBX,282,100
PSX,120,120
RND,73,0
ADS,36,16
DRT,22,0
ODO,21,3
49F,20,0
BYY,20,20
E41,20,0
FST,20,0
MRF,20,38
PVW,17,0
SGR,17,31
DHT,16,0
GKY,12,16
E11,10,0
GLS,10,22
OZA,10,0
VHN,8,0
TPL,5,3
FWS,2,3
MDD,2,9
TME,2,0
SLR,1,0
SLC,"11,143,738","10,634,538"
SGU,"78,680","69,680"
PVU,"78,451","65,307"
ENV,"45,492","54,090"
OGD,"15,609","16,577"
CDC,"14,413","14,334"
CNY,"7,837","2,105"
VEL,"4,007","1,320"
UT03,"2,216",0
U34,820,0
UT25,754,"1,015"
LGU,704,"1,121"
KNB,373,317
HIF,333,484
BCE,67,0
1L7,10,2
PUC,8,10
HCR,4,14
DCA,"11,470,854","11,242,375"
IAD,"10,596,942","10,363,974"
RIC,"1,777,648","1,740,391"
ORF,"1,602,631","1,515,200"
ROA,"305,212","300,181"
CHO,"295,930","274,767"
PHF,"199,421","202,104"
LYH,"75,465","75,824"
NGU,"27,953","32,117"
SHD,"5,442","5,536"
LFI,"1,808","2,818"
HEF,554,98
JYO,101,19
MTV,24,6
RMN,16,5
VJI,11,0
CJR,9,9
BCB,6,4
OKV,6,6
PTB,6,0
JGG,5,0
LUA,4,0
MFV,3,4
FYJ,2,0
OFP,2,0
CPK,1,0
FCI,1,3
W63,1,0
STT,"729,382","706,098"
STX,"196,047","176,588"
VI22,"24,861","26,779"
VI32,"24,469","26,238"
BTV,"593,311","581,143"
RUT,"5,146","5,379"
MVL,265,54
6B0,42,25
DDH,24,9
MPV,18,0
4V8,13,7
EFK,7,2
VSF,4,33
SEA,"21,887,110","20,148,980"
GEG,"1,570,652","1,515,351"
BLI,"415,285","447,693"
PSC,"374,301","348,990"
YKM,"70,993","63,747"
PUW,"61,833","50,883"
EAT,"60,068","62,319"
ALW,"47,439","41,272"
WN22,"21,045","28,118"
BFI,"17,795","18,945"
FHR,"12,831","11,254"
ORS,"7,826","5,204"
TCM,"3,818","1,958"
S60,"3,543","5,573"
6S9,877,722
WA13,794,698
NUW,765,500
CLM,596,589
RNT,434,162
PAE,181,103
W39,145,"1,988"
MWH,112,760
W33,104,"2,555"
BVS,103,13
WA09,73,20
74S,70,80
WA18,52,14
OLM,44,0
W49,39,317
2S0,34,0
W28,28,17
S31,26,396
TIW,20,40
83Q,19,13
SFF,19,0
0S9,18,0
WA83,18,235
14S,9,0
S52,9,0
S97,9,0
S10,6,0
1S9,5,0
38WA,4,5
63S,4,15
S50,4,2
9W2,3,0
AWO,3,0
ELN,3,5
S23,3,0
S40,3,2
S43,3,8
VUO,3,1
4W8,2,0
CLS,2,0
PWT,2,5
S18,2,6
0S7,1,0
11S,1,0
3W7,1,0
OMK,1,2
SHN,1,0
MKE,"3,327,536","3,229,897"
MSN,"903,155","826,640"
GRB,"292,868","295,245"
ATW,"270,633","258,321"
CWA,"119,222","126,016"
LSE,"94,047","94,874"
EAU,"21,304","19,332"
RHI,"20,414","20,673"
OSH,387,175
JVL,326,197
C29,265,293
SBM,147,61
VOK,64,391
EGV,57,46
UES,44,242
57C,26,0
OEO,17,0
MWC,9,34
STE,9,0
ENW,8,90
BUU,7,1
MTW,7,5
RAC,7,8
SUE,7,11
ETB,5,4
AUW,4,60
DLL,4,1
AIG,3,282
FLD,3,3
ARV,2,0
PDC,2,0
LNL,1,0
AWK,503,630
CRW,"213,412","225,170"
HTS,"98,489","101,741"
CKB,"26,025","24,087"
MGW,"7,851","7,163"
LWB,"4,965","6,233"
PKB,"4,170","4,409"
BKW,"2,061","2,319"
BLF,3,0
W99,3,0
I18,2,2
HLG,1,0
MRB,1,2
JAC,"342,044","313,151"
CPR,"92,805","103,123"
COD,"40,340","33,278"
GCC,"28,383","30,502"
RKS,"16,110","17,657"
LAR,"15,957","14,741"
SHR,"9,211",344
RIW,"4,228","3,537"
CYS,"3,189","3,650"
WRL,387,762
SAA,31,26
PNA,5,9
DWX,3,4
EMM,3,5
FBR,3,2
BYG,2,1
DUB,2,0
